City_Name,Lat,Lon,Max_Temp,Humidity,Cloudiness,Wind_Speed,Country,Date
mataura,-46.19,168.86,58.95,74.0,83.0,2.93,NZ,1588477503.0
butaritari,3.07,172.79,83.35,81.0,32.0,14.79,KI,1588477241.0
san quintin,30.48,-115.95,64.45,77.0,0.0,14.63,MX,1588477261.0
georgetown,5.41,100.34,89.6,70.0,20.0,5.82,MY,1588477391.0
homer,59.64,-151.55,51.8,53.0,40.0,8.05,US,1588477462.0
barsi,18.23,75.7,96.78,18.0,7.0,14.29,IN,1588477504.0
bluff,-46.6,168.33,58.19,72.0,100.0,9.1,NZ,1588477504.0
guerrero negro,27.98,-114.06,63.99,83.0,0.0,16.93,MX,1588477504.0
yumen,40.28,97.2,70.0,20.0,99.0,25.26,CN,1588477320.0
pevek,69.7,170.31,31.39,93.0,2.0,3.98,RU,1588477504.0
ushuaia,-54.8,-68.3,40.1,83.0,33.0,4.47,AR,1588477504.0
yaan,7.38,8.57,78.15,84.0,86.0,7.94,NG,1588477505.0
faanui,-16.48,-151.75,82.15,78.0,79.0,14.74,PF,1588477505.0
victoria,22.29,114.16,86.0,62.0,20.0,10.29,HK,1588477368.0
fayetteville,35.05,-78.88,66.99,63.0,1.0,4.7,US,1588477339.0
na klang,17.31,102.19,95.0,52.0,20.0,3.36,TH,1588477506.0
klaksvik,62.23,-6.59,39.2,69.0,84.0,12.75,FO,1588477506.0
saint-philippe,-21.36,55.77,75.2,68.0,37.0,4.7,RE,1588477223.0
kyshtovka,56.55,76.63,49.46,69.0,89.0,10.25,RU,1588477506.0
busselton,-33.65,115.33,79.0,32.0,0.0,17.96,AU,1588477506.0
santa lucia,27.91,-15.54,64.4,88.0,20.0,2.24,ES,1588477506.0
albany,42.6,-73.97,59.0,63.0,82.0,4.09,US,1588477242.0
jamestown,42.1,-79.24,60.8,55.0,75.0,11.41,US,1588477507.0
kapaa,22.08,-159.32,78.8,65.0,20.0,18.34,US,1588477507.0
vaini,-21.2,-175.2,80.6,78.0,20.0,9.17,TO,1588477507.0
lebu,-37.62,-73.65,53.83,86.0,61.0,3.94,CL,1588477507.0
cherskiy,68.75,161.3,34.52,96.0,90.0,2.8,RU,1588477310.0
lokosovo,61.13,74.82,39.42,75.0,92.0,9.48,RU,1588477508.0
comodoro rivadavia,-45.87,-67.5,51.8,76.0,0.0,9.93,AR,1588477415.0
rikitea,-23.12,-134.97,75.81,74.0,58.0,13.65,PF,1588477508.0
whithorn,18.26,-78.04,82.4,78.0,40.0,4.7,JM,1588477508.0
gushikawa,26.35,127.87,78.8,88.0,75.0,14.99,JP,1588477508.0
fortuna,40.6,-124.16,54.0,87.0,1.0,3.36,US,1588477509.0
pangody,65.85,74.49,29.43,97.0,100.0,5.77,RU,1588477509.0
okato,-39.2,173.88,63.0,93.0,100.0,20.0,NZ,1588477297.0
dickson,36.08,-87.39,69.8,60.0,1.0,8.05,US,1588477509.0
punta arenas,-53.15,-70.92,39.2,86.0,40.0,8.05,CL,1588477509.0
puerto ayora,-0.74,-90.35,78.01,90.0,39.0,4.0,EC,1588477510.0
acapulco,16.86,-99.89,78.8,88.0,20.0,3.65,MX,1588477510.0
ponta do sol,32.67,-17.1,66.2,68.0,40.0,13.87,PT,1588477510.0
hobart,-42.88,147.33,55.99,50.0,75.0,11.41,AU,1588477211.0
da nang,16.07,108.22,89.6,66.0,20.0,4.7,VN,1588477510.0
tuktoyaktuk,69.45,-133.04,10.4,85.0,90.0,18.34,CA,1588477510.0
la libertad,-2.23,-80.9,74.88,80.0,5.0,7.83,EC,1588477511.0
upernavik,72.79,-56.15,23.25,97.0,100.0,15.82,GL,1588477511.0
new norfolk,-42.78,147.06,55.99,71.0,96.0,1.01,AU,1588477511.0
katsuura,35.13,140.3,80.01,57.0,74.0,20.8,JP,1588477511.0
kavaratti,10.57,72.64,87.8,70.0,20.0,5.82,IN,1588477511.0
esperance,-33.87,121.9,75.2,29.0,0.0,18.34,AU,1588477512.0
qaanaaq,77.48,-69.36,14.07,83.0,0.0,3.56,GL,1588477512.0
kebumen,-7.67,109.65,88.38,61.0,100.0,4.27,ID,1588477512.0
la ronge,55.1,-105.28,35.6,80.0,40.0,3.36,CA,1588477512.0
loudon,35.73,-84.33,64.4,68.0,1.0,4.7,US,1588477463.0
viedma,-40.81,-63.0,58.17,68.0,100.0,15.68,AR,1588477512.0
sal rei,16.18,-22.92,69.8,94.0,75.0,13.87,CV,1588477513.0
barrow,71.29,-156.79,17.6,78.0,75.0,5.82,US,1588477513.0
beloha,-25.17,45.05,64.18,80.0,0.0,3.22,MG,1588477513.0
avarua,-21.21,-159.78,80.6,78.0,100.0,14.99,CK,1588477513.0
geraldton,-28.77,114.6,78.8,24.0,0.0,9.17,AU,1588477357.0
bambanglipuro,-7.95,110.28,87.82,60.0,100.0,7.18,ID,1588477514.0
biltine,14.53,20.92,82.4,12.0,61.0,10.09,TD,1588477514.0
santa rosa,14.31,121.11,88.0,79.0,75.0,3.36,PH,1588477514.0
coquimbo,-29.95,-71.34,57.2,82.0,84.0,2.66,CL,1588477515.0
port elizabeth,-33.92,25.57,64.4,82.0,58.0,17.22,ZA,1588477515.0
port augusta,-32.5,137.77,60.8,63.0,62.0,8.05,AU,1588477515.0
carnarvon,-24.87,113.63,78.8,65.0,0.0,9.17,AU,1588477515.0
carballo,43.21,-8.69,54.0,85.0,77.0,3.02,ES,1588477515.0
arraial do cabo,-22.97,-42.03,72.28,79.0,95.0,17.94,BR,1588477516.0
provideniya,64.38,-173.3,33.53,85.0,6.0,3.49,RU,1588477516.0
margate,51.38,1.39,48.99,71.0,99.0,1.99,GB,1588477516.0
atuona,-9.8,-139.03,82.08,77.0,50.0,21.23,PF,1588477516.0
adre,13.47,22.2,71.17,16.0,13.0,4.76,TD,1588477516.0
tiksi,71.69,128.87,15.84,91.0,0.0,6.87,RU,1588477517.0
maniitsoq,65.42,-52.9,33.19,95.0,100.0,18.99,GL,1588477517.0
khandyga,62.67,135.6,33.28,80.0,93.0,10.33,RU,1588477517.0
kailua,21.4,-157.74,80.6,61.0,40.0,16.11,US,1588477517.0
portland,45.52,-122.68,53.01,79.0,16.0,5.53,US,1588477367.0
fiche,9.8,38.73,54.82,38.0,88.0,1.32,ET,1588477517.0
mahebourg,-20.41,57.7,73.4,94.0,75.0,9.17,MU,1588477518.0
bredasdorp,-34.53,20.04,60.8,93.0,85.0,3.36,ZA,1588477518.0
bubaque,11.28,-15.83,78.01,77.0,0.0,10.63,GW,1588477518.0
churapcha,62.0,132.43,35.11,74.0,0.0,13.31,RU,1588477518.0
hualmay,-11.1,-77.61,67.84,84.0,66.0,6.2,PE,1588477519.0
wanaka,-44.7,169.15,51.4,71.0,97.0,4.7,NZ,1588477519.0
iqaluit,63.75,-68.51,15.8,85.0,75.0,20.8,CA,1588477363.0
broome,42.25,-75.83,55.99,54.0,90.0,5.82,US,1588477519.0
kilrush,52.64,-9.48,48.2,81.0,75.0,4.7,IE,1588477520.0
todos santos,23.45,-110.22,64.0,85.0,100.0,1.01,MX,1588477520.0
ust-nera,64.57,143.2,30.92,78.0,100.0,10.76,RU,1588477520.0
lake havasu city,34.48,-114.32,86.0,11.0,1.0,8.05,US,1588477520.0
bilibino,68.05,166.44,32.77,81.0,17.0,2.15,RU,1588477521.0
emmett,43.87,-116.5,71.6,21.0,88.0,4.7,US,1588477493.0
hilo,19.73,-155.09,80.6,57.0,90.0,6.93,US,1588477521.0
yinchuan,38.47,106.27,76.26,17.0,70.0,14.63,CN,1588477521.0
mount gambier,-37.83,140.77,55.4,66.0,90.0,10.29,AU,1588477522.0
mar del plata,-38.0,-57.56,61.0,87.0,100.0,5.82,AR,1588477476.0
kodiak,57.79,-152.41,55.4,35.0,40.0,11.41,US,1588477522.0
mikhaylovsk,45.13,42.03,53.6,93.0,90.0,2.24,RU,1588477522.0
kruisfontein,-34.0,24.73,60.48,81.0,33.0,13.06,ZA,1588477260.0
muros,42.78,-9.06,54.0,95.0,97.0,4.27,ES,1588477523.0
bustamante,26.53,-100.5,81.46,47.0,84.0,11.14,MX,1588477523.0
tokur,53.13,132.9,36.27,57.0,62.0,8.72,RU,1588477523.0
torrington,41.8,-73.12,57.0,73.0,60.0,1.45,US,1588477523.0
lazaro cardenas,17.96,-102.2,75.49,77.0,0.0,1.95,MX,1588477523.0
torbay,47.67,-52.73,44.6,100.0,90.0,26.4,CA,1588477524.0
itoman,26.12,127.67,78.8,94.0,75.0,12.75,JP,1588477524.0
alofi,-19.06,-169.92,80.6,83.0,27.0,9.17,NU,1588477524.0
pyapon,16.28,95.68,92.88,46.0,58.0,5.35,MM,1588477524.0
naze,28.37,129.48,73.4,94.0,75.0,14.99,JP,1588477524.0
hermanus,-34.42,19.23,61.74,84.0,60.0,8.97,ZA,1588477525.0
thompson,55.74,-97.86,26.6,53.0,75.0,9.17,CA,1588477394.0
cabo san lucas,22.89,-109.91,80.6,14.0,40.0,14.54,MX,1588477486.0
saskylakh,71.92,114.08,21.24,94.0,10.0,6.17,RU,1588477525.0
castro,-24.79,-50.01,51.3,71.0,2.0,4.88,BR,1588477526.0
havoysund,71.0,24.66,37.4,74.0,99.0,19.46,NO,1588477526.0
nanakuli,21.39,-158.15,80.6,61.0,75.0,13.87,US,1588477526.0
paris,48.85,2.35,53.01,66.0,99.0,4.7,FR,1588477505.0
kankon,15.02,74.02,86.0,74.0,40.0,8.05,IN,1588477527.0
dikson,73.51,80.55,18.39,96.0,88.0,7.65,RU,1588477527.0
port hardy,50.7,-127.42,48.2,76.0,75.0,8.05,CA,1588477528.0
gombe,10.29,11.17,82.0,62.0,92.0,12.5,NG,1588477528.0
fort nelson,58.81,-122.7,64.4,39.0,75.0,11.41,CA,1588477528.0
mandalgovi,45.76,106.27,54.9,20.0,0.0,3.56,MN,1588477237.0
la orilla,17.98,-102.23,74.88,77.0,0.0,1.63,MX,1588477529.0
lorengau,-2.02,147.27,84.56,75.0,48.0,0.87,PG,1588477529.0
wanning,18.8,110.4,86.07,66.0,60.0,11.23,CN,1588477530.0
chokurdakh,70.63,147.92,16.09,95.0,100.0,5.03,RU,1588477530.0
xai-xai,-25.05,33.64,64.53,95.0,13.0,6.15,MZ,1588477530.0
tasiilaq,65.61,-37.64,32.0,97.0,100.0,9.17,GL,1588477530.0
ndele,8.41,20.65,76.75,58.0,68.0,7.36,CF,1588477531.0
touros,-5.2,-35.46,77.0,94.0,20.0,3.36,BR,1588477531.0
cape town,-33.93,18.42,64.99,93.0,75.0,9.17,ZA,1588477531.0
maceio,-9.67,-35.74,73.4,100.0,26.0,3.36,BR,1588477531.0
hithadhoo,-0.6,73.08,85.06,74.0,95.0,9.93,MV,1588477531.0
kjollefjord,70.95,27.35,34.0,89.0,98.0,13.4,NO,1588477532.0
requena,39.49,-1.1,55.0,70.0,58.0,3.09,ES,1588477532.0
okha,53.57,142.95,35.17,81.0,99.0,33.71,RU,1588477532.0
kaitangata,-46.28,169.85,64.0,57.0,79.0,1.01,NZ,1588477532.0
lieksa,63.32,30.02,39.67,90.0,100.0,8.63,FI,1588477533.0
altay,47.87,88.12,67.95,17.0,31.0,5.28,CN,1588477533.0
talnakh,69.49,88.4,30.2,58.0,6.0,8.95,RU,1588477533.0
lagoa,39.05,-27.98,57.81,66.0,13.0,13.38,PT,1588477533.0
severo-kurilsk,50.68,156.12,43.43,90.0,82.0,5.79,RU,1588477534.0
aksha,50.28,113.29,58.77,26.0,10.0,6.78,RU,1588477534.0
martil,35.62,-5.28,59.0,87.0,34.0,2.24,MA,1588477534.0
port moresby,-9.44,147.18,89.6,70.0,40.0,11.41,PG,1588477534.0
plaster rock,46.91,-67.39,39.2,64.0,1.0,4.7,CA,1588477535.0
sandovo,58.46,36.41,45.34,75.0,47.0,9.89,RU,1588477535.0
bethel,41.37,-73.41,62.01,66.0,90.0,3.8,US,1588477513.0
colares,38.8,-9.45,62.01,88.0,100.0,7.38,PT,1588477536.0
tabou,4.42,-7.35,80.51,87.0,77.0,6.62,CI,1588477536.0
tottori,35.5,134.23,68.0,72.0,90.0,8.05,JP,1588477336.0
durban,-29.86,31.03,64.99,72.0,0.0,5.82,ZA,1588477367.0
karasjok,69.47,25.51,35.6,80.0,95.0,25.28,NO,1588477537.0
jiujiang,29.73,115.98,91.09,44.0,0.0,2.51,CN,1588477537.0
nikolskoye,59.7,30.79,51.01,70.0,99.0,8.95,RU,1588477538.0
solnechnyy,50.72,136.63,52.86,34.0,52.0,8.9,RU,1588477538.0
goianapolis,-16.51,-49.02,66.2,82.0,70.0,3.36,BR,1588477538.0
virginia beach,36.85,-75.98,57.99,76.0,20.0,6.93,US,1588477404.0
leningradskiy,69.38,178.42,30.81,93.0,52.0,2.42,RU,1588477539.0
lompoc,34.64,-120.46,57.2,87.0,90.0,13.87,US,1588477250.0
bereda,43.27,-7.54,51.01,100.0,73.0,0.49,ES,1588477539.0
bukama,-9.2,25.85,67.75,77.0,32.0,2.1,CD,1588477539.0
port alfred,-33.59,26.89,64.99,85.0,78.0,3.0,ZA,1588477540.0
peniche,39.36,-9.38,57.99,91.0,100.0,1.99,PT,1588477540.0
nsanje,-16.92,35.26,61.79,91.0,99.0,1.63,MW,1588477540.0
airai,-8.93,125.41,71.44,52.0,98.0,5.39,TL,1588477541.0
caconda,-13.73,15.07,56.16,44.0,8.0,2.59,AO,1588477541.0
gondanglegi,-7.75,112.01,87.06,62.0,100.0,3.18,ID,1588477541.0
ganzhou,28.82,115.43,91.4,43.0,0.0,2.53,CN,1588477541.0
carbonia,39.17,8.52,64.99,87.0,40.0,2.24,IT,1588477542.0
srikakulam,18.3,83.9,90.91,60.0,33.0,14.47,IN,1588477542.0
peterhead,57.51,-1.8,43.0,84.0,0.0,2.24,GB,1588477542.0
bryan,30.67,-96.37,77.0,73.0,1.0,16.11,US,1588477543.0
clyde river,70.47,-68.59,8.6,84.0,90.0,16.11,CA,1588477543.0
belyy yar,53.6,91.39,55.4,43.0,44.0,4.47,RU,1588477544.0
san pedro,14.35,121.02,88.0,79.0,75.0,3.36,PH,1588477544.0
ilulissat,69.22,-51.1,26.6,86.0,99.0,3.36,GL,1588477544.0
san carlos de bariloche,-41.15,-71.31,48.2,61.0,40.0,17.22,AR,1588477378.0
sakhon nakhon,17.16,104.15,96.8,47.0,20.0,3.36,TH,1588477545.0
amuntai,-2.42,115.25,86.86,66.0,96.0,0.56,ID,1588477545.0
kahului,20.89,-156.47,78.8,65.0,20.0,27.51,US,1588477545.0
fort smith,35.39,-94.4,73.4,69.0,1.0,3.33,US,1588477545.0
urumqi,43.8,87.6,75.2,15.0,2.0,6.71,CN,1588477545.0
cururupu,-1.83,-44.87,75.65,94.0,1.0,2.62,BR,1588477546.0
ribeira grande,38.52,-28.7,58.32,64.0,81.0,13.2,PT,1588477546.0
vila velha,-20.33,-40.29,73.0,94.0,0.0,2.24,BR,1588477458.0
puerto escondido,15.85,-97.07,82.11,66.0,1.0,3.58,MX,1588477308.0
souillac,-20.52,57.52,73.4,94.0,75.0,9.17,MU,1588477259.0
lasa,46.62,10.7,30.2,92.0,26.0,4.7,IT,1588477547.0
acarau,-2.89,-40.12,77.5,88.0,9.0,8.19,BR,1588477547.0
lokoja,7.8,6.74,78.15,85.0,100.0,4.29,NG,1588477547.0
alyangula,-13.85,136.42,86.0,51.0,75.0,9.17,AU,1588477548.0
yellowknife,62.46,-114.35,41.0,87.0,20.0,5.82,CA,1588477548.0
santa cruz cabralia,-16.28,-39.02,75.2,88.0,40.0,1.12,BR,1588477548.0
mbuji-mayi,-6.15,23.6,69.64,79.0,78.0,3.09,CD,1588477548.0
vagur,61.47,-6.81,41.86,74.0,70.0,14.74,FO,1588477548.0
port macquarie,-31.43,152.92,68.0,48.0,1.0,1.01,AU,1588477549.0
norman wells,65.28,-126.83,32.0,96.0,90.0,16.11,CA,1588477549.0
kholmogory,64.22,41.66,37.4,55.0,93.0,6.71,RU,1588477549.0
richards bay,-28.78,32.04,62.22,73.0,0.0,5.82,ZA,1588477549.0
conway,35.09,-92.44,73.4,69.0,1.0,8.05,US,1588477550.0
uinskoye,56.88,56.58,40.46,65.0,68.0,7.92,RU,1588477550.0
bengkulu,-3.8,102.27,85.6,65.0,100.0,4.25,ID,1588477550.0
isangel,-19.55,169.27,80.49,76.0,65.0,9.78,VU,1588477550.0
treinta y tres,-33.23,-54.38,49.05,88.0,0.0,3.2,UY,1588477551.0
igarka,67.47,86.58,31.51,99.0,100.0,7.25,RU,1588477551.0
coahuayana,18.73,-103.68,72.93,64.0,0.0,1.52,MX,1588477551.0
harnosand,62.63,17.94,33.8,83.0,45.0,6.93,SE,1588477552.0
olafsvik,64.89,-23.71,36.39,74.0,59.0,3.87,IS,1588477552.0
cayenne,4.93,-52.33,77.0,100.0,75.0,6.24,GF,1588477552.0
bandarbeyla,9.49,50.81,86.34,71.0,94.0,9.28,SO,1588477552.0
tuatapere,-46.13,167.68,57.16,82.0,96.0,5.57,NZ,1588477553.0
hofn,64.25,-15.21,34.74,78.0,0.0,10.11,IS,1588477553.0
riyadh,24.69,46.72,75.2,22.0,89.0,8.05,SA,1588477375.0
cabedelo,-6.98,-34.83,77.0,94.0,20.0,2.24,BR,1588477554.0
fort wellington,6.4,-57.6,78.58,86.0,19.0,9.26,GY,1588477554.0
gorom-gorom,14.44,-0.24,84.9,13.0,0.0,7.16,BF,1588477554.0
langfang,39.51,116.69,84.99,73.0,20.0,4.47,CN,1588477555.0
necochea,-38.55,-58.74,50.0,97.0,91.0,1.99,AR,1588477555.0
linxia,35.6,103.21,75.78,10.0,0.0,3.53,CN,1588477555.0
constitucion,-35.33,-72.42,58.26,87.0,100.0,8.08,CL,1588477555.0
mogadishu,2.04,45.34,82.96,79.0,99.0,14.12,SO,1588477367.0
east london,-33.02,27.91,60.8,82.0,9.0,13.87,ZA,1588477556.0
bikaner,28.02,73.3,101.44,14.0,4.0,9.42,IN,1588477556.0
hudson bay,52.85,-102.38,30.7,86.0,62.0,4.54,CA,1588477557.0
praya,14.92,-23.51,73.4,53.0,0.0,8.05,CV,1588477557.0
bull savanna,17.89,-77.59,75.42,80.0,87.0,3.76,JM,1588477557.0
noyabrsk,63.2,75.45,33.28,88.0,99.0,7.34,RU,1588477558.0
codrington,-38.27,141.97,53.44,71.0,100.0,11.32,AU,1588477558.0
srednekolymsk,67.45,153.68,33.01,95.0,100.0,10.38,RU,1588477558.0
college,64.86,-147.8,50.0,25.0,40.0,12.75,US,1588477380.0
bradford,53.79,-1.75,42.01,90.0,97.0,0.78,GB,1588477478.0
matara,5.95,80.54,89.01,61.0,0.0,2.1,LK,1588477559.0
kudahuvadhoo,2.67,72.89,85.19,76.0,67.0,12.84,MV,1588477559.0
poum,-20.23,164.02,79.63,76.0,90.0,10.31,NC,1588477560.0
zeya,53.75,127.27,46.83,38.0,0.0,8.99,RU,1588477560.0
vestmannaeyjar,63.44,-20.27,36.99,77.0,6.0,6.64,IS,1588477560.0
daru,-9.08,143.21,82.9,85.0,62.0,12.06,PG,1588477560.0
hamilton,39.18,-84.53,72.0,56.0,20.0,9.17,US,1588477355.0
san policarpo,12.18,125.51,83.64,85.0,94.0,12.64,PH,1588477561.0
mihijam,23.85,86.88,89.4,40.0,0.0,6.17,IN,1588477561.0
samarai,-10.62,150.67,82.06,80.0,56.0,13.91,PG,1588477562.0
laguna,38.42,-121.42,66.2,68.0,1.0,11.41,US,1588477562.0
saldanha,-33.01,17.94,60.8,93.0,50.0,4.7,ZA,1588477506.0
mezen,65.85,44.24,32.76,93.0,97.0,5.44,RU,1588477562.0
avera,33.19,-82.53,60.8,93.0,1.0,4.85,US,1588477291.0
batagay-alyta,67.8,130.41,19.33,83.0,68.0,3.13,RU,1588477563.0
ambon,-3.7,128.18,89.6,70.0,40.0,6.93,ID,1588477563.0
dingle,11.0,122.67,95.27,46.0,82.0,11.1,PH,1588477564.0
abrau-dyurso,44.69,37.59,53.01,93.0,75.0,6.71,RU,1588477564.0
mosquera,4.71,-74.23,51.8,87.0,20.0,9.17,CO,1588477564.0
pont-sainte-maxence,49.3,2.6,50.0,61.0,98.0,8.05,FR,1588477564.0
pemba,-12.97,40.52,73.69,83.0,7.0,13.44,MZ,1588477565.0
pisco,-13.7,-76.22,66.99,82.0,51.0,11.41,PE,1588477565.0
lypnyazhka,48.45,31.08,53.13,82.0,37.0,4.94,UA,1588477566.0
isla mujeres,21.23,-86.73,80.6,83.0,75.0,5.82,MX,1588477388.0
ambilobe,-13.2,49.05,75.04,78.0,80.0,2.71,MG,1588477566.0
mahad,18.08,73.42,94.68,41.0,24.0,3.13,IN,1588477566.0
itaituba,-4.28,-55.98,73.9,87.0,100.0,1.86,BR,1588477567.0
salalah,17.02,54.09,84.2,89.0,75.0,1.12,OM,1588477567.0
lugo,43.0,-7.5,51.01,100.0,70.0,1.5,ES,1588477567.0
lubao,14.92,120.55,93.2,56.0,75.0,11.41,PH,1588477568.0
rancho palos verdes,33.74,-118.39,66.0,72.0,5.0,4.7,US,1588477301.0
chuy,-33.7,-53.46,54.12,81.0,7.0,3.36,UY,1588477568.0
ban bung,18.31,100.7,91.4,58.0,95.0,2.24,TH,1588477569.0
cidreira,-30.18,-50.21,59.11,80.0,4.0,4.25,BR,1588477569.0
bingol,38.88,40.49,50.25,49.0,11.0,1.9,TR,1588477364.0
nadym,65.53,72.52,27.12,98.0,100.0,11.25,RU,1588477569.0
naryan-mar,67.67,53.09,22.23,96.0,74.0,7.38,RU,1588477570.0
half moon bay,37.46,-122.43,63.0,93.0,90.0,5.03,US,1588477571.0
lac du bonnet,50.25,-96.06,34.0,73.0,95.0,7.0,CA,1588477571.0
quatre cocos,-20.21,57.76,75.99,94.0,75.0,9.17,MU,1588477571.0
naumburg,51.15,11.82,44.01,85.0,47.0,9.86,DE,1588477572.0
kenora,49.82,-94.43,35.01,69.0,90.0,13.87,CA,1588477358.0
vuktyl,63.86,57.31,28.85,94.0,89.0,9.33,RU,1588477572.0
aksarka,66.56,67.8,23.49,97.0,100.0,11.12,RU,1588477573.0
imbituba,-28.24,-48.67,64.4,68.0,11.0,9.17,BR,1588477329.0
coihaique,-45.58,-72.07,44.6,87.0,90.0,4.7,CL,1588477573.0
bonaberi,4.08,9.68,77.0,94.0,40.0,1.12,CM,1588477573.0
kavieng,-2.57,150.8,83.01,75.0,100.0,4.29,PG,1588477573.0
verkhnyaya inta,65.98,60.31,25.61,94.0,99.0,10.74,RU,1588477574.0
sitka,57.05,-135.33,48.2,81.0,90.0,14.99,US,1588477574.0
yulara,-25.24,130.99,68.0,40.0,0.0,16.11,AU,1588477574.0
nouadhibou,20.93,-17.03,62.6,93.0,75.0,13.87,MR,1588477558.0
havre-saint-pierre,50.23,-63.6,32.0,84.0,0.0,3.36,CA,1588477575.0
gizo,-8.1,156.84,85.89,69.0,28.0,3.85,SB,1588477575.0
ariquemes,-9.91,-63.04,72.59,87.0,58.0,1.28,BR,1588477554.0
soyo,-6.13,12.37,77.52,92.0,90.0,5.84,AO,1588477576.0
khatanga,71.97,102.5,21.25,95.0,78.0,3.11,RU,1588477576.0
los llanos de aridane,28.66,-17.92,68.0,68.0,75.0,4.7,ES,1588477576.0
teahupoo,-17.83,-149.27,86.0,70.0,55.0,11.41,PF,1588477576.0
umm lajj,25.02,37.27,83.23,29.0,22.0,11.1,SA,1588477576.0
hanover,52.37,9.73,46.0,93.0,40.0,5.82,DE,1588477515.0
brigantine,39.41,-74.36,62.6,48.0,75.0,9.17,US,1588477577.0
kieta,-6.22,155.63,83.89,73.0,43.0,3.2,PG,1588477577.0
anadyr,64.75,177.48,21.2,92.0,40.0,2.24,RU,1588477577.0
urubicha,-15.38,-62.95,71.92,81.0,61.0,1.63,BO,1588477577.0
gat,31.61,34.76,57.99,67.0,16.0,3.58,IL,1588477578.0
jishu,44.32,126.8,50.11,79.0,100.0,7.54,CN,1588477578.0
belaya gora,68.53,146.42,23.97,95.0,99.0,14.14,RU,1588477578.0
beringovskiy,63.05,179.32,29.25,96.0,97.0,5.46,RU,1588477283.0
tuburan,6.64,122.27,86.0,79.0,75.0,13.87,PH,1588477579.0
birao,10.28,22.79,76.06,36.0,100.0,2.84,CF,1588477579.0
puerto madryn,-42.77,-65.04,59.2,52.0,27.0,14.5,AR,1588477579.0
makasar,-5.14,119.42,87.8,66.0,20.0,3.36,ID,1588477490.0
hohhot,40.81,111.65,69.8,26.0,75.0,11.18,CN,1588477580.0
kijang,35.24,129.21,62.6,82.0,90.0,10.29,KR,1588477580.0
nome,64.5,-165.41,46.4,52.0,1.0,8.05,US,1588477580.0
antofagasta,-23.65,-70.4,57.2,82.0,64.0,3.36,CL,1588477580.0
letlhakeng,-24.09,25.03,58.01,39.0,0.0,3.13,BW,1588477581.0
okhotsk,59.38,143.3,34.36,96.0,100.0,18.68,RU,1588477323.0
bosaso,11.28,49.18,88.65,61.0,80.0,3.49,SO,1588477581.0
saint-joseph,-21.37,55.62,73.4,60.0,18.0,6.93,RE,1588477581.0
killarney,52.05,-9.52,45.46,91.0,100.0,4.29,IE,1588477582.0
nanortalik,60.14,-45.24,35.64,93.0,100.0,22.24,GL,1588477582.0
skjervoy,70.03,20.97,37.58,78.0,78.0,12.5,NO,1588477582.0
prince rupert,54.32,-130.32,46.4,82.0,90.0,12.75,CA,1588477534.0
sambava,-14.27,50.17,76.28,78.0,9.0,8.3,MG,1588477582.0
ahipara,-35.17,173.17,65.3,91.0,100.0,15.88,NZ,1588477583.0
mirabad,30.44,61.84,80.01,32.0,0.0,1.66,AF,1588477583.0
angostura,25.37,-108.18,72.0,71.0,80.0,1.99,MX,1588477583.0
asau,46.43,26.4,51.01,78.0,56.0,3.2,RO,1588477583.0
hailar,49.2,119.7,49.33,34.0,100.0,7.27,CN,1588477584.0
rabo de peixe,37.8,-25.58,57.2,71.0,40.0,5.82,PT,1588477584.0
takoradi,4.88,-1.76,80.64,88.0,78.0,5.99,GH,1588477584.0
raychikhinsk,49.78,129.41,47.05,43.0,100.0,12.55,RU,1588477584.0
narsipatnam,17.67,82.62,87.8,74.0,20.0,11.41,IN,1588477585.0
usukhchay,41.42,47.91,55.4,93.0,40.0,2.24,RU,1588477585.0
arica,-18.48,-70.3,63.27,82.0,100.0,1.74,CL,1588477544.0
mount isa,-20.73,139.5,75.2,16.0,0.0,10.29,AU,1588477585.0
tautira,-17.73,-149.15,86.0,70.0,56.0,11.41,PF,1588477586.0
brae,60.4,-1.35,35.6,74.0,22.0,6.93,GB,1588477586.0
ola,59.58,151.28,34.77,83.0,100.0,34.63,RU,1588477586.0
cap malheureux,-19.98,57.61,75.99,82.0,13.0,7.0,MU,1588477586.0
beipiao,41.79,120.78,66.7,40.0,94.0,16.02,CN,1588477587.0
kununurra,-15.77,128.73,82.4,17.0,72.0,12.75,AU,1588477587.0
husavik,66.04,-17.34,23.0,85.0,0.0,4.7,IS,1588477587.0
ketchikan,55.34,-131.65,46.4,100.0,90.0,13.87,US,1588477588.0
santa flavia,38.09,13.54,68.0,75.0,50.0,7.72,IT,1588477588.0
tricase,39.93,18.36,50.0,93.0,5.0,5.77,IT,1588477589.0
kathmandu,27.72,85.32,68.0,82.0,75.0,2.24,NP,1588477317.0
kibala,9.11,18.35,82.4,58.0,66.0,9.24,TD,1588477589.0
chernyshevskiy,63.01,112.47,37.27,64.0,100.0,5.32,RU,1588477589.0
kristiansund,63.11,7.73,41.0,80.0,100.0,18.34,NO,1588477589.0
balkanabat,39.51,54.37,75.04,39.0,93.0,14.76,TM,1588477590.0
songjianghe,42.19,127.48,76.78,30.0,1.0,5.86,CN,1588477590.0
vao,-22.67,167.48,77.4,85.0,57.0,14.45,NC,1588477590.0
starobaltachevo,56.0,55.92,41.23,68.0,95.0,7.02,RU,1588477590.0
aswan,24.09,32.91,80.6,17.0,40.0,4.94,EG,1588477591.0
port lincoln,-34.73,135.87,61.47,67.0,91.0,9.22,AU,1588477369.0
suntar,62.14,117.63,42.12,55.0,6.0,5.5,RU,1588477591.0
piranhas,-16.43,-51.82,67.44,67.0,79.0,2.46,BR,1588477591.0
berlevag,70.86,29.09,34.18,88.0,90.0,11.7,NO,1588477592.0
chulman,56.85,124.91,31.78,68.0,99.0,6.78,RU,1588477592.0
tessalit,20.2,1.01,76.12,16.0,0.0,5.59,ML,1588477592.0
krasnaya gora,53.0,31.6,53.6,87.0,75.0,2.24,RU,1588477592.0
grindavik,63.84,-22.43,32.0,70.0,32.0,6.93,IS,1588477592.0
iquique,-20.22,-70.14,64.4,68.0,86.0,4.7,CL,1588477491.0
faya,18.39,42.45,62.6,87.0,26.0,0.27,SA,1588477593.0
sabya,17.15,42.63,84.2,83.0,20.0,3.36,SA,1588477593.0
saint-pierre,-21.34,55.48,73.4,60.0,0.0,6.93,RE,1588477593.0
tamandare,-8.76,-35.1,78.24,81.0,43.0,4.45,BR,1588477594.0
sirajganj,24.45,89.72,83.3,58.0,0.0,3.27,BD,1588477334.0
ayan,56.45,138.17,35.8,74.0,100.0,25.7,RU,1588477594.0
voznesenye,61.01,35.48,42.12,80.0,100.0,10.78,RU,1588477594.0
tomislavgrad,43.72,17.23,41.97,64.0,24.0,5.99,BA,1588477595.0
labuhan,-6.88,112.21,85.05,70.0,100.0,5.23,ID,1588477595.0
vaitape,-16.52,-151.75,82.99,77.0,74.0,14.72,PF,1588477595.0
beira,-19.84,34.84,68.0,94.0,12.0,5.82,MZ,1588477595.0
inirida,3.87,-67.92,75.43,94.0,100.0,2.33,CO,1588477596.0
ikot ekpene,5.18,7.71,76.32,93.0,75.0,2.19,NG,1588477596.0
manjacaze,-24.71,33.88,62.83,95.0,4.0,4.74,MZ,1588477596.0
bud,39.45,-86.18,70.0,68.0,1.0,4.7,US,1588477596.0
kapuskasing,49.42,-82.43,42.8,100.0,90.0,3.06,CA,1588477597.0
deputatskiy,69.3,139.9,15.98,89.0,78.0,3.62,RU,1588477597.0
florianopolis,-27.61,-48.5,64.4,68.0,0.0,9.17,BR,1588477475.0
acari,-15.43,-74.62,72.93,61.0,95.0,3.24,PE,1588477597.0
padang,-0.95,100.35,85.17,64.0,95.0,2.8,ID,1588477364.0
kiunga,-6.12,141.29,92.73,52.0,91.0,2.19,PG,1588477598.0
santa fe,-31.63,-60.7,60.01,78.0,0.0,1.99,AR,1588477598.0
ust-kulom,61.69,53.69,33.75,83.0,0.0,5.53,RU,1588477598.0
alice springs,-23.7,133.88,66.2,42.0,0.0,16.11,AU,1588477599.0
batemans bay,-35.72,150.18,68.0,29.0,45.0,3.0,AU,1588477299.0
mragowo,53.86,21.31,42.84,91.0,10.0,4.54,PL,1588477599.0
bang saphan,11.21,99.51,89.6,75.0,40.0,4.7,TH,1588477600.0
fairbanks,64.84,-147.72,50.0,21.0,1.0,17.22,US,1588477465.0
ostrovnoy,68.05,39.51,30.58,92.0,100.0,9.73,RU,1588477600.0
ancud,-41.87,-73.82,52.0,100.0,40.0,11.41,CL,1588477600.0
pontianak,-0.03,109.33,84.2,79.0,40.0,3.36,ID,1588477427.0
partsa,54.37,42.86,46.89,75.0,44.0,10.6,RU,1588477601.0
mango,27.98,-82.31,73.4,73.0,90.0,5.82,US,1588477592.0
abay,49.63,72.85,60.8,44.0,100.0,6.71,KZ,1588477601.0
alanya,36.54,32.0,63.63,70.0,100.0,4.9,TR,1588477438.0
dulce nombre de culmi,15.1,-85.53,68.49,73.0,80.0,1.99,HN,1588477602.0
kralendijk,12.15,-68.27,80.6,83.0,59.0,17.22,BQ,1588477602.0
marsh harbour,26.54,-77.06,74.64,61.0,89.0,12.62,BS,1588477602.0
whitianga,-36.83,175.7,64.99,97.0,100.0,11.01,NZ,1588477603.0
tolaga bay,-38.37,178.3,66.97,64.0,99.0,13.58,NZ,1588477603.0
xapuri,-10.65,-68.5,74.44,87.0,80.0,2.55,BR,1588477603.0
farafangana,-22.82,47.83,71.6,90.0,14.0,4.36,MG,1588477603.0
galatas,37.5,23.45,64.0,78.0,0.0,8.01,GR,1588477603.0
sur,22.57,59.53,92.05,43.0,0.0,7.25,OM,1588477604.0
bang mun nak,16.03,100.38,96.37,46.0,1.0,2.21,TH,1588477604.0
cerasu,45.32,26.03,48.99,92.0,100.0,7.34,RO,1588477604.0
olinda,-8.01,-34.86,82.4,74.0,75.0,9.17,BR,1588477604.0
aykhal,66.0,111.5,35.6,37.0,72.0,4.47,RU,1588477605.0
mandera,3.94,41.87,80.01,17.0,33.0,13.65,KE,1588477605.0
kitimat,54.05,-128.65,46.0,87.0,100.0,4.0,CA,1588477430.0
centralia,46.72,-122.95,50.0,76.0,40.0,2.57,US,1588477605.0
masaka,-0.33,31.73,64.38,65.0,100.0,1.45,UG,1588477606.0
zilair,52.23,57.44,47.37,68.0,8.0,6.33,RU,1588477606.0
danville,36.59,-79.39,60.01,67.0,1.0,3.36,US,1588477606.0
dolores,-36.31,-57.68,51.46,93.0,59.0,4.97,AR,1588477606.0
awjilah,29.11,21.29,60.66,57.0,55.0,5.03,LY,1588477606.0
diamantino,-14.41,-56.45,70.97,70.0,100.0,2.1,BR,1588477607.0
tchaourou,8.89,2.6,75.56,80.0,100.0,7.4,BJ,1588477607.0
teya,60.38,92.63,44.01,67.0,90.0,6.06,RU,1588477607.0
san cristobal,7.77,-72.22,68.41,61.0,91.0,1.57,VE,1588477607.0
praxedis guerrero,31.37,-106.02,89.6,11.0,5.0,11.41,MX,1588477608.0
vostok,46.49,135.88,53.91,29.0,76.0,8.12,RU,1588477608.0
ruwi,23.6,58.55,95.0,34.0,0.0,10.29,OM,1588477608.0
san patricio,19.22,-104.7,72.72,75.0,0.0,7.11,MX,1588477609.0
caramay,10.18,119.24,86.74,68.0,60.0,6.93,PH,1588477609.0
elmira,42.09,-76.81,57.2,71.0,90.0,4.7,US,1588477609.0
sohbatpur,28.52,68.54,100.92,16.0,0.0,8.99,PK,1588477610.0
yeppoon,-23.13,150.73,75.2,31.0,95.0,11.41,AU,1588477529.0
axim,4.87,-2.24,80.44,88.0,74.0,5.91,GH,1588477610.0
maryville,35.76,-83.97,69.01,56.0,20.0,10.29,US,1588477610.0
meulaboh,4.14,96.13,85.98,63.0,91.0,3.69,ID,1588477611.0
otane,-39.88,176.63,67.3,57.0,100.0,11.79,NZ,1588477611.0
hasaki,35.73,140.83,82.0,42.0,97.0,9.17,JP,1588477611.0
cascais,38.7,-9.42,62.01,88.0,100.0,7.99,PT,1588477612.0
panama city,8.99,-79.52,82.4,74.0,54.0,5.82,PA,1588477343.0
haines junction,60.75,-137.51,44.58,56.0,100.0,3.96,CA,1588477612.0
zarya,55.76,38.1,51.8,66.0,29.0,6.71,RU,1588477612.0
verkhnyaya balkariya,43.13,43.46,57.2,71.0,90.0,3.8,RU,1588477612.0
dzaoudzi,-12.79,45.27,82.4,74.0,40.0,13.87,YT,1588477613.0
horconcitos,8.47,-81.8,78.01,86.0,93.0,6.22,PA,1588477613.0
hommelvik,63.41,10.79,41.0,86.0,100.0,20.8,NO,1588477613.0
herat,34.5,62.0,66.2,63.0,0.0,2.24,AF,1588477613.0
san angelo,31.46,-100.44,84.99,39.0,0.0,5.99,US,1588477614.0
verkhnyaya sinyachikha,57.98,61.67,41.16,64.0,64.0,7.72,RU,1588477614.0
mildura,-34.2,142.15,60.01,54.0,40.0,8.05,AU,1588477614.0
charters towers,-20.1,146.27,77.36,17.0,32.0,9.06,AU,1588477614.0
pemangkat,1.17,108.97,83.05,72.0,100.0,7.63,ID,1588477562.0
bambous virieux,-20.34,57.76,75.99,94.0,75.0,9.17,MU,1588477614.0
winneba,5.35,-0.62,82.4,88.0,20.0,8.05,GH,1588477615.0
sept-iles,50.2,-66.38,37.0,69.0,5.0,5.82,CA,1588477615.0
banda aceh,5.56,95.32,85.73,65.0,100.0,5.61,ID,1588477615.0
raga,8.46,25.68,73.13,69.0,97.0,7.65,SS,1588477616.0
pacific grove,36.62,-121.92,59.0,92.0,44.0,1.99,US,1588477616.0
tiarei,-17.53,-149.33,86.0,70.0,58.0,11.41,PF,1588477616.0
gimli,50.63,-96.99,34.0,73.0,77.0,7.0,CA,1588477616.0
chinhoyi,-17.37,30.2,57.74,56.0,1.0,3.47,ZW,1588477616.0
yuanping,38.72,112.76,93.27,8.0,1.0,5.84,CN,1588477617.0
joshimath,30.57,79.57,63.93,23.0,49.0,4.61,IN,1588477617.0
ulagan,50.63,87.96,61.21,24.0,73.0,0.96,RU,1588477617.0
stutterheim,-32.57,27.42,60.8,82.0,10.0,13.87,ZA,1588477617.0
murgab,37.5,61.97,66.2,82.0,75.0,12.48,TM,1588477617.0
narsaq,60.92,-46.05,41.0,92.0,100.0,10.29,GL,1588477618.0
krasnovishersk,60.41,57.08,32.9,87.0,85.0,5.99,RU,1588477618.0
bilma,18.69,12.92,79.99,15.0,0.0,14.12,NE,1588477618.0
atasu,48.68,71.64,56.3,56.0,100.0,12.35,KZ,1588477618.0
cockburn town,21.46,-71.14,79.97,81.0,43.0,11.41,TC,1588477619.0
novyye burasy,52.13,46.07,51.01,44.0,22.0,5.99,RU,1588477619.0
pochutla,15.74,-96.47,84.0,75.0,37.0,3.71,MX,1588477619.0
koslan,63.46,48.9,34.9,79.0,77.0,3.65,RU,1588477620.0
vardo,70.37,31.11,36.03,82.0,77.0,14.85,NO,1588477620.0
soloneshnoye,51.65,84.32,64.65,39.0,97.0,2.71,RU,1588477620.0
ballymena,54.86,-6.28,42.8,87.0,85.0,5.82,GB,1588477620.0
chicama,-7.84,-79.15,70.81,75.0,23.0,5.79,PE,1588477620.0
namibe,-15.2,12.15,75.07,69.0,0.0,4.88,AO,1588477621.0
mitu,1.2,-70.17,73.56,94.0,100.0,3.0,CO,1588477621.0
novyy urengoy,66.08,76.63,28.47,97.0,100.0,5.53,RU,1588477621.0
kyzyl-suu,42.34,78.0,56.97,31.0,100.0,4.09,KG,1588477621.0
bitung,1.45,125.18,89.6,59.0,20.0,4.7,ID,1588477622.0
jamame,0.07,42.75,79.45,82.0,100.0,10.92,SO,1588477622.0
huilong,31.81,121.66,89.01,58.0,0.0,8.01,CN,1588477622.0
santa cruz,-17.8,-63.17,68.4,75.0,98.0,4.76,BO,1588477622.0
katobu,-4.94,122.53,85.96,70.0,39.0,5.79,ID,1588477623.0
marivan,35.52,46.18,56.88,31.0,57.0,5.97,IR,1588477623.0
palembang,-2.92,104.75,82.4,83.0,40.0,2.24,ID,1588477360.0
sobolevo,54.43,31.9,51.53,89.0,60.0,6.85,RU,1588477623.0
asfi,32.3,-9.24,77.56,42.0,0.0,10.94,MA,1588477623.0
muzhi,65.37,64.67,27.27,95.0,99.0,13.47,RU,1588477624.0
humberto de campos,-2.6,-43.46,76.26,93.0,0.0,3.94,BR,1588477624.0
capaci,38.17,13.24,68.0,64.0,45.0,3.0,IT,1588477624.0
nalut,30.33,10.85,65.82,34.0,23.0,10.04,LY,1588477624.0
sortavala,61.71,30.69,41.58,85.0,100.0,10.58,RU,1588477625.0
marzuq,14.4,46.47,77.0,40.0,20.0,4.23,YE,1588477625.0
grand gaube,-20.01,57.66,75.99,82.0,17.0,7.0,MU,1588477625.0
talcahuano,-36.72,-73.12,53.6,100.0,75.0,1.16,CL,1588477625.0
port keats,-14.25,129.55,84.42,27.0,14.0,11.07,AU,1588477625.0
sibolga,1.74,98.78,82.26,76.0,85.0,2.91,ID,1588477625.0
sundsvall,62.39,17.31,32.0,85.0,40.0,6.93,SE,1588477626.0
kolpashevo,58.31,82.91,56.53,57.0,100.0,16.87,RU,1588477626.0
lamu,-2.27,40.9,80.29,84.0,100.0,13.8,KE,1588477626.0
ucluelet,48.93,-125.55,48.0,88.0,32.0,1.01,CA,1588477627.0
madhugiri,13.66,77.21,88.32,34.0,21.0,4.63,IN,1588477627.0
falkenberg,56.91,12.49,46.0,93.0,7.0,2.24,SE,1588477627.0
kajiado,-1.85,36.78,62.6,93.0,40.0,1.99,KE,1588477627.0
boda,4.32,17.47,71.33,69.0,32.0,4.03,CF,1588477627.0
sokolo,14.73,-6.12,87.17,12.0,0.0,9.19,ML,1588477628.0
flinders,-34.58,150.86,64.99,34.0,20.0,8.05,AU,1588477628.0
san juan de los morros,9.91,-67.35,76.35,66.0,89.0,3.69,VE,1588477628.0
kailaras,26.32,77.62,98.65,15.0,0.0,5.19,IN,1588477628.0
constantine,36.37,6.61,50.0,93.0,22.0,2.24,DZ,1588477388.0
marawi,8.0,124.29,81.03,56.0,100.0,4.03,PH,1588477629.0
banff,51.18,-115.57,38.46,45.0,91.0,2.51,CA,1588477524.0
mayo,38.89,-76.51,59.0,67.0,1.0,6.93,US,1588477629.0
tazmalt,36.39,4.4,57.2,93.0,14.0,6.93,DZ,1588477629.0
iwanai,42.97,140.51,67.24,63.0,76.0,3.8,JP,1588477629.0
osakarovka,50.56,72.57,63.84,33.0,100.0,1.41,KZ,1588477630.0
amga,60.9,131.96,36.34,70.0,39.0,12.15,RU,1588477630.0
isabela,6.71,121.97,86.0,79.0,75.0,13.87,PH,1588477630.0
gamba,-2.65,10.0,78.55,90.0,80.0,5.5,GA,1588477630.0
gao,16.64,1.64,84.51,12.0,0.0,11.03,ML,1588477630.0
dunedin,-45.87,170.5,64.0,58.0,56.0,1.01,NZ,1588477631.0
morondava,-20.28,44.28,70.25,82.0,0.0,4.43,MG,1588477631.0
saint anthony,45.02,-93.22,62.6,29.0,1.0,5.82,US,1588477631.0
vila franca do campo,37.72,-25.43,57.2,71.0,40.0,5.82,PT,1588477631.0
taber,49.82,-112.15,51.8,34.0,75.0,6.93,CA,1588477545.0
banjar,-8.19,114.97,86.0,84.0,20.0,9.17,ID,1588477632.0
zemio,5.03,25.14,68.9,79.0,100.0,3.04,CF,1588477632.0
madera,37.17,-119.83,63.0,62.0,26.0,6.17,US,1588477421.0
pangnirtung,66.15,-65.71,18.27,88.0,84.0,5.7,CA,1588477633.0
senneterre,48.38,-77.23,44.6,93.0,90.0,3.36,CA,1588477633.0
caceres,39.52,-6.37,57.0,86.0,97.0,3.6,ES,1588477633.0
jibuti,11.5,42.5,87.8,70.0,1.0,3.85,DJ,1588477633.0
hirado,33.36,129.55,66.2,93.0,75.0,8.05,JP,1588477634.0
muyezerskiy,63.93,31.65,36.97,84.0,100.0,7.85,RU,1588477634.0
sfantu gheorghe,45.87,25.78,50.0,81.0,100.0,1.77,RO,1588477634.0
pasighat,28.07,95.33,76.06,72.0,100.0,1.14,IN,1588477634.0
zhanakorgan,43.91,67.25,68.52,46.0,52.0,3.8,KZ,1588477634.0
auki,-8.77,160.7,86.22,70.0,75.0,2.57,SB,1588477634.0
hervey bay,-25.3,152.85,73.99,39.0,22.0,8.99,AU,1588477635.0
lata,40.16,-8.33,57.0,93.0,100.0,2.24,PT,1588477635.0
aklavik,68.22,-135.01,17.6,72.0,90.0,12.75,CA,1588477635.0
umm kaddadah,13.6,26.69,76.15,11.0,78.0,7.63,SD,1588477635.0
strelka,58.07,93.03,48.74,58.0,6.0,6.76,RU,1588477636.0
kosh,40.3,44.16,53.6,76.0,16.0,3.36,AM,1588477636.0
siilinjarvi,63.08,27.67,39.2,93.0,90.0,8.05,FI,1588477636.0
shirgaon,19.7,72.7,86.0,74.0,40.0,5.06,IN,1588477637.0
rio grande,-32.03,-52.1,48.0,96.0,17.0,5.41,BR,1588477637.0
sao filipe,14.9,-24.5,76.78,53.0,0.0,10.31,CV,1588477637.0
capitao poco,-1.75,-47.06,73.13,96.0,42.0,2.59,BR,1588477637.0
victor harbor,-35.57,138.62,60.01,65.0,97.0,5.68,AU,1588477637.0
taltal,-25.4,-70.48,61.16,74.0,89.0,4.52,CL,1588477637.0
itarantim,-15.66,-40.07,68.59,89.0,14.0,0.87,BR,1588477638.0
bani walid,31.76,13.99,66.31,38.0,0.0,7.87,LY,1588477638.0
killybegs,54.63,-8.45,43.11,85.0,91.0,6.8,IE,1588477638.0
nevelsk,46.67,141.86,62.6,25.0,90.0,8.95,RU,1588477638.0
sao joao da barra,-21.64,-41.05,71.11,90.0,0.0,14.79,BR,1588477639.0
baijiantan,45.63,85.18,77.05,17.0,69.0,5.77,CN,1588477639.0
lukulu,-14.37,23.24,59.61,47.0,10.0,3.44,ZM,1588477639.0
vila,42.03,-8.16,51.01,95.0,100.0,2.98,PT,1588477639.0
the valley,18.22,-63.06,80.6,74.0,20.0,6.93,AI,1588477639.0
preobrazheniye,42.9,133.91,62.01,60.0,42.0,10.0,RU,1588477640.0
anastacio,-20.48,-55.81,73.18,56.0,0.0,2.75,BR,1588477640.0
fabriano,43.34,12.91,55.0,85.0,59.0,1.99,IT,1588477640.0
bentiu,9.23,29.83,81.5,53.0,22.0,4.03,SS,1588477640.0
qasigiannguit,68.82,-51.19,26.6,86.0,94.0,3.36,GL,1588477640.0
hals,57.0,10.31,44.01,93.0,0.0,4.0,DK,1588477641.0
hoquiam,46.98,-123.89,51.8,71.0,20.0,14.99,US,1588477641.0
great bend,38.36,-98.76,66.2,52.0,75.0,11.41,US,1588477641.0
lomovka,53.92,58.37,41.0,65.0,75.0,11.18,RU,1588477641.0
letka,59.6,49.42,38.14,71.0,30.0,4.03,RU,1588477641.0
honiara,-9.43,159.95,89.6,70.0,20.0,8.05,SB,1588477642.0
qobustan,40.08,49.41,55.4,100.0,90.0,9.17,AZ,1588477642.0
juneau,58.3,-134.42,53.6,54.0,90.0,6.93,US,1588477344.0
miramar,25.99,-80.23,75.99,57.0,1.0,5.82,US,1588477642.0
den helder,52.96,4.76,50.0,81.0,75.0,6.93,NL,1588477642.0
